"id","image_url","thumb_url",
"124","4d70cbb5ad23b560a66284952ca0466e.jpg","4d70cbb5ad23b560a66284952ca0466e_thumb.jpg",
"125","08e892ee0a937425ea2bc7fb753d6c5a.jpg","08e892ee0a937425ea2bc7fb753d6c5a_thumb.jpg",
"126","37d230842b06e097afe48f226cde9527.png","37d230842b06e097afe48f226cde9527_thumb.png",
"127","715ac6be0da49cd4964b0f206da0d6f3.png","715ac6be0da49cd4964b0f206da0d6f3_thumb.png",
"128","0b76097e8ef08fcbdc6f412a773e402d.png","0b76097e8ef08fcbdc6f412a773e402d_thumb.png",
"129","ff3e300532cfa4d921844d0d7a4b404e.png","ff3e300532cfa4d921844d0d7a4b404e_thumb.png",
"130","c581b22c2272444176eb96060623f4a2.jpg","c581b22c2272444176eb96060623f4a2_thumb.jpg",
"131","d632f36b2fd82fcf7fd77efa7ea43af3.png","d632f36b2fd82fcf7fd77efa7ea43af3_thumb.png",
"132","3c2f25afa611d5798120220269e5d7fd.gif","3c2f25afa611d5798120220269e5d7fd_thumb.gif",
